{"schemaVersion":"1.0","appDefinitionTemplate":{"id":"/providers/Microsoft.PowerApps/apps/","type":"Microsoft.PowerApps/apps","tags":{"minimumRequiredApiVersion":"2.2.0"},"properties":{"appVersion":"2018-08-14T14:48:34Z","lifeCycleId":"Published","createdByClientVersion":{"major":3,"minor":18072,"build":29,"revision":0,"majorRevision":0,"minorRevision":0},"minClientVersion":{"major":3,"minor":18072,"build":29,"revision":0,"majorRevision":0,"minorRevision":0},"backgroundColor":"rgba(165, 34, 55, 1)","backgroundImageUri":"/8754373280560839644/N20c43948-c568-4da0-a604-c5a6905d32e8-Nd7fb7e9b-6793-46df-8035-14e462f35441-logoSmallFile","displayName":"PBI Dataset Manger","description":"","appUris":{"documentUri":{"value":"/8754373280560839644/Nab1be4d2-ed5f-4054-a6d7-837f5fb6b68d-N2c9d873d-7c88-4524-bc71-b21e1a3ef74d-document.msapp","readonlyValue":"/8754373280560839644/Nab1be4d2-ed5f-4054-a6d7-837f5fb6b68d-N2c9d873d-7c88-4524-bc71-b21e1a3ef74d-document.msapp"},"imageUris":[]},"createdTime":"0001-01-01T00:00:00Z","lastModifiedTime":"0001-01-01T00:00:00Z","sharedGroupsCount":0,"sharedUsersCount":0,"icons":{"smallIconUri":"/8754373280560839644/Nb8c548de-930d-48f3-bdf9-b496abb8402e-N825a1bdf-ee18-432a-86af-a0a8a6dac60b-small.png","mediumIconUri":"/8754373280560839644/Nd2b7867c-fbe3-4a76-b0da-0823d8461313-Nec00a8b1-d417-49f4-96f1-f04084c97323-medium.png","largeIconUri":"/8754373280560839644/Nfe15d38b-f62a-427f-99af-e271c4c431d5-N8d710d6b-304b-44df-a2fa-93177b4dc83b-large.png","wideIconUri":"/8754373280560839644/N5e456fc2-c029-4ea6-b318-9bc66cb58e59-N74de9ecc-906b-45da-93d0-df41a737f348-wide.png"},"connectionReferences":{"c6225387-5de0-4939-998b-492c2463076f":{"id":"bbb9f354-5010-4e3b-8987-57ce4fc6dd4f","displayName":"Power BI Datasets API","iconUri":"https://prodapiicons.cdn.powerappscdn.net/20180814t000000z12ca039a18604e8ab5c6888518d8baa7/customconnectoricon.customconnectoricon","dataSources":["PowerBIConnector"],"dependencies":[],"dependents":[],"parameterHints":{},"isOnPremiseConnection":false,"bypassConsent":false,"dataSets":{},"apiTier":"Standard"}}}}}